{
    "client_id": 4,
    "train_accuracy": 0.9397590160369873,
    "train_loss": 0.17945176362991333,
    "test_accuracy": 0.9222221970558167,
    "test_loss": 0.24924200773239136
}