{
    "client_id": 5,
    "train_accuracy": 0.9133663177490234,
    "train_loss": 0.24862700700759888,
    "test_accuracy": 0.9300000071525574,
    "test_loss": 0.23198860883712769
}