{
    "client_id": 6,
    "train_accuracy": 0.95333331823349,
    "train_loss": 0.162776917219162,
    "test_accuracy": 0.9369369149208069,
    "test_loss": 0.22417065501213074
}