{
    "client_id": 15,
    "train_accuracy": 0.8679245114326477,
    "train_loss": 0.30734899640083313,
    "test_accuracy": 0.8354430198669434,
    "test_loss": 0.4449135363101959
}