{
    "client_id": 7,
    "train_accuracy": 0.9189189076423645,
    "train_loss": 0.19516727328300476,
    "test_accuracy": 0.918181836605072,
    "test_loss": 0.19276832044124603
}