{
    "client_id": 0,
    "train_accuracy": 0.9352940917015076,
    "train_loss": 0.20269286632537842,
    "test_accuracy": 0.898809552192688,
    "test_loss": 0.321697860956192
}