{
    "client_id": 9,
    "train_accuracy": 0.954023003578186,
    "train_loss": 0.19587689638137817,
    "test_accuracy": 0.9069767594337463,
    "test_loss": 0.23312105238437653
}