{
    "client_id": 11,
    "train_accuracy": 0.9168975353240967,
    "train_loss": 0.2597588300704956,
    "test_accuracy": 0.915730357170105,
    "test_loss": 0.24521636962890625
}