{
    "client_id": 14,
    "train_accuracy": 0.9345238208770752,
    "train_loss": 0.2339908927679062,
    "test_accuracy": 0.891566276550293,
    "test_loss": 0.33734947443008423
}