{
    "client_id": 17,
    "train_accuracy": 0.9530102610588074,
    "train_loss": 0.15170186758041382,
    "test_accuracy": 0.9166666865348816,
    "test_loss": 0.23002837598323822
}