{
    "client_id": 13,
    "train_accuracy": 0.9802955389022827,
    "train_loss": 0.11670421063899994,
    "test_accuracy": 0.9405940771102905,
    "test_loss": 0.19042065739631653
}