{
    "client_id": 18,
    "train_accuracy": 0.9402984976768494,
    "train_loss": 0.19639362394809723,
    "test_accuracy": 0.9545454382896423,
    "test_loss": 0.18064333498477936
}