{
    "client_id": 2,
    "train_accuracy": 0.9418416619300842,
    "train_loss": 0.16535402834415436,
    "test_accuracy": 0.9575163125991821,
    "test_loss": 0.20453596115112305
}