{
    "client_id": 12,
    "train_accuracy": 0.9032257795333862,
    "train_loss": 0.22533486783504486,
    "test_accuracy": 0.97826087474823,
    "test_loss": 0.08681020140647888
}