{
    "client_id": 16,
    "train_accuracy": 0.9487179517745972,
    "train_loss": 0.17172807455062866,
    "test_accuracy": 0.9442379474639893,
    "test_loss": 0.2235853523015976
}