{"accuracy": [0.9068360328674316, 0.9177253246307373, 0.9068360328674316, 0.826981246471405, 0.7767695188522339, 0.7646703124046326, 0.8396854400634766, 0.7864488959312439, 0.5420447587966919, 0.7701149582862854, 0.8669086694717407, 0.5130066275596619, 0.7084089517593384, 0.5523291230201721, 0.6533575057983398, 0.8003630042076111, 0.9080459475517273, 0.901996374130249, 0.8965517282485962, 0.9147005677223206, 0.8070175647735596, 0.8517846465110779, 0.9171203970909119, 0.9122806787490845, 0.9255898594856262, 0.9225650429725647, 0.8989715576171875, 0.8753780722618103, 0.9134905934333801, 0.9195402264595032, 0.915305495262146, 0.905626118183136, 0.5378100275993347, 0.8572292923927307, 0.9062311053276062, 0.9207501411437988, 0.9207501411437988, 0.8584392070770264, 0.9122806787490845, 0.9274047017097473, 0.9122806787490845, 0.9316394329071045, 0.9370840787887573, 0.9328493475914001, 0.9316394329071045, 0.892316997051239, 0.9074410200119019, 0.8560193777084351, 0.915305495262146, 0.9370840787887573, 0.9316394329071045], "loss": [0.3345133364200592, 0.27594712376594543, 0.3330712616443634, 0.5882912874221802, 0.7755529284477234, 0.6900796294212341, 0.4620150625705719, 0.6824684739112854, 2.3628833293914795, 0.8318953514099121, 0.4746934175491333, 1.9622284173965454, 0.8270176649093628, 1.9538519382476807, 1.229624629020691, 0.6129984259605408, 0.3105987012386322, 0.33000025153160095, 0.3425370156764984, 0.2773486375808716, 0.6310485601425171, 0.4482274055480957, 0.3050897419452667, 0.31183525919914246, 0.2619583010673523, 0.25645655393600464, 0.33570432662963867, 0.4445408582687378, 0.2935553193092346, 0.23249471187591553, 0.24598975479602814, 0.26883238554000854, 1.7787493467330933, 0.4587845802307129, 0.28829535841941833, 0.24569274485111237, 0.24834787845611572, 0.45149269700050354, 0.2788626253604889, 0.2205543965101242, 0.25387057662010193, 0.2017846256494522, 0.17649336159229279, 0.18386131525039673, 0.19894982874393463, 0.3622437119483948, 0.26583635807037354, 0.44147181510925293, 0.27022746205329895, 0.18393541872501373, 0.21027871966362]}