{
    "client_id": 10,
    "train_accuracy": 0.9398906826972961,
    "train_loss": 0.22991709411144257,
    "test_accuracy": 0.901098906993866,
    "test_loss": 0.3056962192058563
}