{
    "client_id": 3,
    "train_accuracy": 0.9203540086746216,
    "train_loss": 0.2701222598552704,
    "test_accuracy": 0.9649122953414917,
    "test_loss": 0.11529254913330078
}