{
    "client_id": 8,
    "train_accuracy": 0.9487179517745972,
    "train_loss": 0.1764039397239685,
    "test_accuracy": 0.9097065329551697,
    "test_loss": 0.28244292736053467
}